Duration,Calories,Heart_Rate,Calories_per_min,Intensity
30.0,200.0,120.0,6.666666666666667,Low
45.0,350.0,130.0,7.777777777777778,Medium
60.0,500.0,140.0,8.333333333333334,High
20.0,150.0,110.0,7.5,Low
50.0,400.0,135.0,8.0,Medium
42.857142857142854,300.0,125.0,7.000000000000001,Medium
40.0,335.7142857142857,128.0,8.392857142857142,Medium
55.0,450.0,126.85714285714286,8.181818181818182,Medium
